id,initiator_name,pja,committee,party,initiator_type,wins,avg_result,wins_per,result_1,result_2,result_3,result_4,result_5,result_6,result_7,result_8
5c77c6d5fed91f583dd7a71a,Авдеев Александр Александрович,"[1, 24]",10,1,Депутат Государственной Думы,2,2,0.008163265306122,154,16,51,5,6,11,0,2
5c77c6d5fed91f583dd7a71b,Авдеев Михаил Юрьевич,"[2, 8, 24, 28]",19,2,Депутат Государственной Думы,2,2,0.011627906976744,63,29,52,14,4,8,0,2
5c77c6d5fed91f583dd7a71c,Агаев Ваха Абуевич,[4],23,2,Депутат Государственной Думы,9,3,0.022900763358779,172,53,76,37,10,36,0,9
5c77c6d5fed91f583dd7a71d,Адучиев Батор Канурович,"[1, 2, 20]",1,1,Депутат Государственной Думы,4,1,0.005925925925926,561,25,35,16,12,22,0,4
5c77c6d5fed91f583dd7a71e,Азимов Рахим Азизбоевич,"[1, 2, 7, 17, 32, 36]",2,1,Депутат Государственной Думы,38,2,0.007452441655227,4187,175,268,159,105,164,3,38
5c77c6d5fed91f583dd7a71f,Аксаков Анатолий Геннадьевич,"[1, 2, 24, 26, 38]",23,4,Депутат Государственной Думы,64,2,0.016649323621228,1748,370,905,285,146,313,13,64
5c77c6d5fed91f583dd7a720,Алексеева Татьяна Олеговна,"[1, 2, 26, 38, 39]",12,1,Депутат Государственной Думы,41,2,0.016844700082169,1622,125,231,187,66,162,0,41
5c77c6d5fed91f583dd7a721,Алимова Ольга Николаевна,"[2, 39]",19,2,Депутат Государственной Думы,3,2,0.002382843526608,433,176,620,9,6,12,0,3
5c77c6d5fed91f583dd7a723,Альшевских Андрей Геннадьевич,[2],10,1,Депутат Государственной Думы,2,2,0.011173184357542,125,10,24,5,5,8,0,2
5c77c6d5fed91f583dd7a724,Ананских Игорь Александрович,"[21, 24]",26,4,Депутат Государственной Думы,11,2,0.006543723973825,623,166,761,45,23,52,0,11
5c77c6d5fed91f583dd7a725,Андрейченко Андрей Валерьевич,"[2, 26, 39]",16,3,Депутат Государственной Думы,2,2,0.003703703703704,215,51,234,17,6,12,3,2
5c77c6d5fed91f583dd7a726,Аникеев Григорий Викторович,"[8, 21, 28, 39]",17,1,Депутат Государственной Думы,7,2,0.013618677042802,369,25,34,31,20,28,0,7
5c77c6d5fed91f583dd7a727,Антонова Лидия Николаевна,"[1, 2, 26]",14,1,Депутат Государственной Думы,5,2,0.012468827930175,296,14,35,19,12,20,0,5
5c77c6d5fed91f583dd7a728,Антошкин Николай Тимофеевич,[34],16,1,Депутат Государственной Думы,16,2,0.008662696264212,1445,73,150,66,33,64,0,16
5c77c6d5fed91f583dd7a729,Арефьев Николай Васильевич,"[2, 11]",25,2,Депутат Государственной Думы,4,2,0.004410143329658,303,143,420,14,7,16,0,4
5c77c6d5fed91f583dd7a72a,Аршба Отари Ионович,"[9, 26, 33, 35, 36]",5,1,Депутат Государственной Думы,10,3,0.025125628140704,206,22,54,33,29,44,0,10
5c77c6d5fed91f583dd7a72b,Аршинова Алена Игоревна,"[26, 39]",14,1,Депутат Государственной Думы,52,2,0.020007695267411,1673,121,216,239,89,209,0,52
5c77c6d5fed91f583dd7a72c,Аскендеров Заур Асевович,"[8, 28, 38]",25,1,Депутат Государственной Думы,46,2,0.014814814814815,2095,168,280,209,91,201,15,46
5c77c6d5fed91f583dd7a72d,Афонин Юрий Вячеславович,[2],16,2,Депутат Государственной Думы,1,2,0.001788908765653,270,97,183,4,0,4,0,1
5c77c6d5fed91f583dd7a72e,Афонский Владимир Игорьевич,"[2, 32]",19,1,Депутат Государственной Думы,59,2,0.010016977928693,4393,295,483,259,128,270,3,59
5c77c6d5fed91f583dd7a72f,Байгускаров Зариф Закирович,[3],5,1,Депутат Государственной Думы,18,2,0.012203389830509,1101,63,112,62,47,72,0,18
5c77c6d5fed91f583dd7a730,Балыбердин Алексей Владимирович,"[14, 15, 16, 39]",25,1,Депутат Государственной Думы,8,2,0.007722007722008,826,42,60,33,25,42,0,8
5c77c6d5fed91f583dd7a731,Балыхин Григорий Артемович,"[1, 2, 26]",14,1,Депутат Государственной Думы,24,2,0.02107111501317,739,53,99,101,31,92,0,24
5c77c6d5fed91f583dd7a732,Бальбек Руслан Исмаилович,[1],7,1,Депутат Государственной Думы,6,2,0.018867924528302,160,37,50,20,18,27,0,6
5c77c6d5fed91f583dd7a733,Бариев Марат Мансурович,"[1, 2, 32, 39]",22,1,Депутат Государственной Думы,109,2,0.01316425120773,5861,437,713,486,200,468,6,109
5c77c6d5fed91f583dd7a734,Барышев Андрей Викторович,[2],10,1,Депутат Государственной Думы,1,1,0.001706484641638,511,32,34,2,2,4,0,1
5c77c6d5fed91f583dd7a735,Баталина Ольга Юрьевна,"[1, 2, 36, 39]",20,1,Депутат Государственной Думы,72,2,0.016893477240732,2784,229,401,321,143,312,0,72
5c77c6d5fed91f583dd7a736,Баталова Рима Акбердиновна,"[32, 39]",22,1,Депутат Государственной Думы,45,2,0.014754098360656,2076,173,277,195,78,200,6,45
5c77c6d5fed91f583dd7a737,Бахарев Константин Михайлович,"[24, 33]",10,1,Депутат Государственной Думы,6,2,0.018575851393189,170,34,47,23,16,27,0,6
5c77c6d5fed91f583dd7a738,Бахметьев Виталий Викторович,"[1, 2, 7, 9]",25,1,Депутат Государственной Думы,12,2,0.008026755852843,1178,67,96,46,35,61,0,12
5c77c6d5fed91f583dd7a739,Белеков Иван Итулович,"[1, 2, 31, 33]",6,1,Депутат Государственной Думы,12,2,0.011225444340505,782,58,91,43,31,52,0,12
5c77c6d5fed91f583dd7a73a,Белик Дмитрий Анатольевич,"[1, 2, 21]",10,1,Депутат Государственной Думы,35,2,0.008450024142926,3186,195,297,157,111,161,0,35
5c77c6d5fed91f583dd7a73b,Белоусов Вадим Владимирович,"[2, 8]",1,4,Депутат Государственной Думы,29,2,0.012435677530017,1072,200,712,123,76,120,0,29
5c77c6d5fed91f583dd7a73c,Белых Ирина Викторовна,"[2, 26]",5,1,Депутат Государственной Думы,42,2,0.012503721345639,2427,145,268,180,102,183,12,42
5c77c6d5fed91f583dd7a73d,Березуцкий Юрий Николаевич,"[2, 26]",9,1,Депутат Государственной Думы,22,2,0.00952380952381,1813,84,149,84,62,96,0,22
5c77c6d5fed91f583dd7a73e,Беспалова Марина Павловна,"[1, 2, 8, 26]",5,1,Депутат Государственной Думы,25,2,0.008135372600065,2311,150,274,108,85,120,0,25
5c77c6d5fed91f583dd7a73f,Бессараб Светлана Викторовна,"[2, 27, 39]",20,1,Депутат Государственной Думы,27,2,0.008774780630484,2412,118,191,118,86,122,3,27
5c77c6d5fed91f583dd7a740,Бессарабов Даниил Владимирович,"[1, 2, 40]",5,1,Депутат Государственной Думы,4,2,0.015873015873016,168,16,26,12,10,16,0,4
5c77c6d5fed91f583dd7a741,Бикбаев Ильдар Зинурович,"[26, 34, 39]",3,1,Депутат Государственной Думы,15,2,0.011329305135952,1012,56,85,51,45,60,0,15
5c77c6d5fed91f583dd7a742,Бифов Анатолий Жамалович,"[1, 2, 8, 39]",1,2,Депутат Государственной Думы,11,3,0.017543859649123,260,71,159,54,16,56,0,11
5c77c6d5fed91f583dd7a743,Блоцкий Владимир Николаевич,"[20, 40]",16,2,Депутат Государственной Думы,2,2,0.005012531328321,171,57,150,6,5,8,0,2
5c77c6d5fed91f583dd7a744,Богодухов Владимир Иванович,"[2, 34]",13,1,Депутат Государственной Думы,7,2,0.010115606936416,501,33,60,37,22,32,0,7
5c77c6d5fed91f583dd7a745,Богуславский Ирек Борисович,"[8, 17, 21, 24]",25,1,Депутат Государственной Думы,101,2,0.016481723237598,3859,380,631,499,183,452,23,101
5c77c6d5fed91f583dd7a746,Боева Наталья Дмитриевна,"[2, 8]",1,1,Депутат Государственной Думы,27,1,0.006006674082314,3729,176,258,113,76,116,0,27
5c77c6d5fed91f583dd7a747,Боженов Сергей Андреевич,[1],14,1,Депутат Государственной Думы,4,1,0.005390835579515,617,26,46,14,13,22,0,4
5c77c6d5fed91f583dd7a748,Бокк Владимир Владимирович,"[2, 12]",25,1,Депутат Государственной Думы,2,1,0.006430868167203,251,15,25,6,4,8,0,2
5c77c6d5fed91f583dd7a749,Бондаренко Елена Вениаминовна,"[2, 32, 39]",7,1,Депутат Государственной Думы,12,2,0.007088009450679,1354,77,112,47,38,53,0,12
5c77c6d5fed91f583dd7a74a,Бондарь Оксана Андреевна,"[2, 26]",18,1,Депутат Государственной Думы,32,2,0.006305418719212,4111,190,311,159,112,157,3,32
5c77c6d5fed91f583dd7a74b,Бортко Владимир Владимирович,[31],11,2,Депутат Государственной Думы,3,2,0.006507592190889,219,78,126,13,6,16,0,3
5c77c6d5fed91f583dd7a74c,Борцов Николай Иванович,[8],7,1,Депутат Государственной Думы,33,2,0.019309537741369,1051,93,167,162,53,140,10,33
5c77c6d5fed91f583dd7a74d,Боташев Расул Борисович,[2],12,1,Депутат Государственной Думы,2,2,0.012820512820513,120,6,7,8,5,8,0,2
5c77c6d5fed91f583dd7a74e,Боярский Сергей Михайлович,"[1, 2, 24, 31]",9,1,Депутат Государственной Думы,9,2,0.016071428571429,373,41,54,28,20,35,0,9
5c77c6d5fed91f583dd7a74f,Брыкин Николай Гаврилович,"[4, 7, 8, 9, 21, 22, 28, 35]",5,1,Депутат Государственной Думы,23,2,0.008214285714286,2237,108,171,86,71,101,3,23
5c77c6d5fed91f583dd7a750,Брыксин Александр Юрьевич,"[24, 32, 39]",17,1,Депутат Государственной Думы,28,2,0.007520816545796,2910,139,277,143,65,146,15,28
5c77c6d5fed91f583dd7a751,Бугера Михаил Евгеньевич,"[1, 2]",16,1,Депутат Государственной Думы,5,2,0.008849557522124,429,23,43,25,13,24,3,5
5c77c6d5fed91f583dd7a752,Будуев Николай Робертович,"[2, 33, 36]",16,1,Депутат Государственной Думы,10,1,0.006493506493507,1265,61,105,35,24,40,0,10
5c77c6d5fed91f583dd7a753,Бузилов Валерий Викторович,"[2, 4, 8, 21, 28]",3,1,Депутат Государственной Думы,42,2,0.009491525423729,3445,165,276,170,132,195,0,42
5c77c6d5fed91f583dd7a754,Букачаков Родион Борисович,"[2, 8, 22]",1,1,Депутат Государственной Думы,15,1,0.006224066390042,2004,86,136,64,39,66,0,15
5c77c6d5fed91f583dd7a755,Булавинов Вадим Евгеньевич,"[1, 2, 33]",8,1,Депутат Государственной Думы,27,2,0.015237020316027,1138,92,183,150,51,119,12,27
5c77c6d5fed91f583dd7a756,Бурматов Владимир Владимирович,"[26, 33, 39]",24,1,Депутат Государственной Думы,45,2,0.0142675967026,2272,124,236,178,104,188,7,45
5c77c6d5fed91f583dd7a757,Бурнашов Алексей Леонидович,"[2, 28]",25,1,Депутат Государственной Думы,6,2,0.007585335018963,638,32,40,26,19,30,0,6
5c77c6d5fed91f583dd7a758,Быков Олег Петрович,"[35, 40]",5,1,Депутат Государственной Думы,4,2,0.008752735229759,340,19,32,19,17,26,0,4
5c77c6d5fed91f583dd7a759,Валеев Эрнест Абдулович,"[1, 35, 40]",2,1,Депутат Государственной Думы,29,2,0.019890260631001,880,98,152,107,62,130,0,29
5c77c6d5fed91f583dd7a75a,Валенчук Олег Дорианович,"[2, 8, 28]",16,1,Депутат Государственной Думы,14,2,0.01313320825516,751,51,95,59,28,68,0,14
5c77c6d5fed91f583dd7a75b,Валуев Николай Сергеевич,"[32, 39]",24,1,Депутат Государственной Думы,22,2,0.014416775884666,1027,86,148,105,40,98,0,22
5c77c6d5fed91f583dd7a75c,Василенко Александр Борисович,"[4, 26, 34, 36]",24,1,Депутат Государственной Думы,15,2,0.006318449873631,1854,108,222,70,38,67,0,15
5c77c6d5fed91f583dd7a75d,Васильев Александр Николаевич,"[2, 26, 39]",19,1,Депутат Государственной Думы,6,2,0.012931034482759,283,41,59,25,16,27,7,6
5c77c6d5fed91f583dd7a75e,Веллер Алексей Борисович,"[2, 28]",25,1,Депутат Государственной Думы,2,2,0.009216589861751,117,25,41,12,8,12,0,2
5c77c6d5fed91f583dd7a75f,Веремеенко Сергей Алексеевич,"[4, 5, 7, 24, 32, 38]",19,1,Депутат Государственной Думы,3,3,0.037974683544304,31,6,12,9,6,12,0,3
5c77c6d5fed91f583dd7a760,Ветлужских Андрей Леонидович,"[27, 39]",25,1,Депутат Государственной Думы,20,2,0.006576783952647,2481,130,188,79,57,86,0,20
5c77c6d5fed91f583dd7a761,Власов Василий Максимович,[2],16,3,Депутат Государственной Думы,1,2,0.003759398496241,73,30,154,2,2,4,0,1
5c77c6d5fed91f583dd7a762,Водолацкий Виктор Петрович,"[1, 2, 6, 35]",6,1,Депутат Государственной Думы,139,2,0.013387267649042,7320,530,854,627,296,614,3,139
5c77c6d5fed91f583dd7a763,Воевода Алексей Иванович,[32],16,1,Депутат Государственной Думы,23,2,0.009627459187945,1826,109,161,98,67,102,3,23
5c77c6d5fed91f583dd7a764,Волков Юрий Геннадьевич,"[2, 33]",21,3,Депутат Государственной Думы,1,2,0.003194888178914,126,24,140,8,4,10,0,1
5c77c6d5fed91f583dd7a765,Володин Вячеслав Викторович,"[1, 2, 26, 39]",0,1,Депутат Государственной Думы,12,3,0.034090909090909,97,34,52,58,36,56,7,12
5c77c6d5fed91f583dd7a766,Воробьев Александр Васильевич,"[8, 17, 30]",1,1,Депутат Государственной Думы,3,2,0.006382978723404,386,17,24,13,9,18,0,3
5c77c6d5fed91f583dd7a767,Воронина Татьяна Евгеньевна,"[2 ,12, 22]",4,1,Депутат Государственной Думы,5,1,0.005561735261402,764,30,50,18,12,20,0,5
5c77c6d5fed91f583dd7a768,Вострецов Сергей Алексеевич,"[26, 35, 36, 39]",20,1,Депутат Государственной Думы,17,2,0.008220502901354,1595,106,160,71,45,71,3,17
5c77c6d5fed91f583dd7a769,Вторыгина Елена Андреевна,"[1, 2, 27, 39]",4,1,Депутат Государственной Думы,66,2,0.013684428778768,3453,230,343,327,113,291,0,66
5c77c6d5fed91f583dd7a76a,Выборный Анатолий Борисович,"[35, 38, 39, 40]",2,1,Депутат Государственной Думы,121,2,0.016402331571099,4792,421,691,579,228,537,8,121
5c77c6d5fed91f583dd7a76b,Вяткин Дмитрий Федорович,"[2, 40]",17,1,Депутат Государственной Думы,45,2,0.019472090004327,1350,155,279,186,96,200,0,45
5c77c6d5fed91f583dd7a76c,Гаврилов Сергей Анатольевич,"[2, 13, 39]",17,2,Депутат Государственной Думы,25,2,0.017385257301808,696,162,269,125,25,136,0,25
5c77c6d5fed91f583dd7a76d,Гаджиев Магомед Тажудинович,"[1, 8, 40]",17,1,Депутат Государственной Думы,129,2,0.013438899885405,6757,493,805,582,260,570,3,129
5c77c6d5fed91f583dd7a76e,Гаджиев Мурад Станиславович,"[2, 8]",19,1,Депутат Государственной Думы,94,2,0.010799632352941,6485,389,663,430,212,416,15,94
5c77c6d5fed91f583dd7a76f,Гадыльшин Мурад Асфандиарович,"[1, 2, 24, 26]",12,1,Депутат Государственной Думы,7,1,0.006542056074766,898,33,60,25,17,30,0,7
5c77c6d5fed91f583dd7a770,Газгиреев Юшаа Орснакиевич,"[5, 28]",26,1,Депутат Государственной Думы,5,2,0.009191176470588,400,26,59,17,13,24,0,5
5c77c6d5fed91f583dd7a771,Газзаев Валерий Георгиевич,"[32, 39]",22,4,Депутат Государственной Думы,4,2,0.003344481605351,317,162,675,11,11,16,0,4
5c77c6d5fed91f583dd7a772,Ганзя Вера Анатольевна,"[2, 26]",3,2,Депутат Государственной Думы,3,2,0.002967359050445,359,134,488,9,6,12,0,3
5c77c6d5fed91f583dd7a773,Ганиев Фарит Глюсович,"[26, 35, 40]",2,1,Депутат Государственной Думы,13,1,0.005565068493151,1956,80,138,57,33,56,3,13
5c77c6d5fed91f583dd7a774,Гартунг Валерий Карлович,"[16, 24, 39]",25,4,Депутат Государственной Думы,6,2,0.003799873337555,498,213,801,23,14,24,0,6
5c77c6d5fed91f583dd7a775,Геккиев Заур Далхатович,"[1, 2, 6]",12,1,Депутат Государственной Думы,22,2,0.011270491803279,1475,89,139,84,51,92,0,22
5c77c6d5fed91f583dd7a776,Герасименко Николай Федорович,"[25, 26]",15,1,Депутат Государственной Думы,13,2,0.009885931558935,1007,63,83,67,26,56,0,13
5c77c6d5fed91f583dd7a777,Германова Ольга Михайловна,"[1, 2, 26]",11,1,Депутат Государственной Думы,8,2,0.007662835249042,779,58,79,40,30,50,0,8
5c77c6d5fed91f583dd7a778,Гетта Антон Александрович,"[1, 21, 24, 39]",23,1,Депутат Государственной Думы,60,2,0.007729966503478,5906,420,623,275,194,284,0,60
5c77c6d5fed91f583dd7a779,Гильмутдинов Ильдар Ирекович,[39],7,1,Депутат Государственной Думы,90,2,0.016737957969128,3392,327,572,446,137,407,6,90
5c77c6d5fed91f583dd7a77a,Гладких Борис Михайлович,"[2, 21, 30]",26,1,Депутат Государственной Думы,14,2,0.008235294117647,1293,71,147,69,39,64,3,14
5c77c6d5fed91f583dd7a77b,Говорин Николай Васильевич,"[25, 26]",15,1,Депутат Государственной Думы,59,2,0.00746740918871,6242,330,554,263,176,274,3,59
5c77c6d5fed91f583dd7a77c,Гоголева Татьяна Степановна,"[2, 39]",18,1,Депутат Государственной Думы,2,2,0.016666666666667,82,9,8,6,5,8,0,2
5c77c6d5fed91f583dd7a77d,Голушко Андрей Иванович,"[2, 9, 21, 17, 39]",25,1,Депутат Государственной Думы,7,2,0.011864406779661,459,26,33,23,14,28,0,7
5c77c6d5fed91f583dd7a77e,Гончар Николай Николаевич,[2],3,1,Депутат Государственной Думы,27,3,0.030033370411569,398,74,114,121,50,115,0,27
5c77c6d5fed91f583dd7a77f,Горелкин Антон Вадимович,[33],9,1,Депутат Государственной Думы,5,2,0.016949152542373,181,20,37,20,12,20,0,5
5c77c6d6fed91f583dd7a780,Грешневиков Анатолий Николаевич,"[31, 33]",24,4,Депутат Государственной Думы,6,2,0.005444646098004,305,125,604,22,16,24,0,6
5c77c6d6fed91f583dd7a781,Грибов Александр Сергеевич,"[1, 2, 39]",5,1,Депутат Государственной Думы,15,2,0.017045454545455,570,54,92,49,37,63,0,15
5c77c6d6fed91f583dd7a782,Гулевский Михаил Владимирович,"[1, 2, 9]",8,1,Депутат Государственной Думы,34,2,0.010137149672033,2501,155,245,144,112,160,3,34
5c77c6d6fed91f583dd7a783,Гусева Ирина Михайловна,"[1, 2, 26]",3,1,Депутат Государственной Думы,65,2,0.010584595342778,4582,321,464,266,163,280,0,65
5c77c6d6fed91f583dd7a784,Гутенев Владимир Владимирович,"[10, 26, 36, 39]",25,1,Депутат Государственной Думы,80,2,0.018450184501845,2633,272,441,405,127,362,16,80
5c77c6d6fed91f583dd7a785,Дамдинов Алдар Валерьевич,"[1, 26]",14,1,Депутат Государственной Думы,4,2,0.013377926421405,212,16,30,11,10,16,0,4
5c77c6d6fed91f583dd7a786,Данчикова Галина Иннокентьевна,"[1, 22, 24]",3,1,Депутат Государственной Думы,40,2,0.009409550693954,3157,206,379,164,127,178,0,40
5c77c6d6fed91f583dd7a787,Дегтярев Михаил Владимирович,"[2, 26, 39]",22,3,Депутат Государственной Думы,12,2,0.005143591941706,847,294,1043,58,28,51,0,12
5c77c6d6fed91f583dd7a788,Делимханов Адам Султанович,"[1, 35]",2,1,Депутат Государственной Думы,10,3,0.026041666666667,199,32,48,39,17,39,0,10
5c77c6d6fed91f583dd7a789,Демченко Иван Иванович,"[2, 8, 9, 24]",10,1,Депутат Государственной Думы,3,1,0.004950495049505,505,25,38,15,8,12,0,3
5c77c6d6fed91f583dd7a78a,Деньгин Вадим Евгеньевич,"[26, 39]",9,3,Депутат Государственной Думы,13,3,0.009200283085633,354,124,790,46,20,60,6,13
5c77c6d6fed91f583dd7a78b,Дерябкин Виктор Ефимович,"[1, 2, 11]",19,1,Депутат Государственной Думы,2,1,0.002544529262087,670,38,35,14,11,16,0,2
5c77c6d6fed91f583dd7a78c,Дзюба Виктор Викторович,"[4, 5, 6, 32]",10,1,Депутат Государственной Думы,9,2,0.009868421052632,680,51,75,37,24,36,0,9
5c77c6d6fed91f583dd7a78d,Дивинский Игорь Борисович,"[1, 5, 34, 35]",23,1,Депутат Государственной Думы,23,2,0.020739404869252,552,120,146,97,66,105,0,23
5c77c6d6fed91f583dd7a78e,Диденко Алексей Николаевич,[2],21,3,Депутат Государственной Думы,7,2,0.003344481605351,487,245,1292,19,15,28,0,7
5c77c6d6fed91f583dd7a78f,Догаев Ахмед Шамханович,[32],7,1,Депутат Государственной Думы,5,2,0.016339869281046,216,15,23,15,12,20,0,5
5c77c6d6fed91f583dd7a790,Дорохин Павел Сергеевич,"[1, 3, 10, 38, 39]",13,2,Депутат Государственной Думы,3,2,0.006756756756757,183,72,150,15,9,12,0,3
5c77c6d6fed91f583dd7a791,Драпеко Елена Григорьевна,"[1, 31, 39]",11,4,Депутат Государственной Думы,13,2,0.008009858287123,626,150,684,60,30,60,0,13
5c77c6d6fed91f583dd7a792,Драчев Владимир Петрович,"[1, 32, 39]",24,1,Депутат Государственной Думы,1,2,0.004132231404959,195,11,14,7,6,8,0,1
5c77c6d6fed91f583dd7a793,Духанина Любовь Николаевна,"[26, 39]",14,1,Депутат Государственной Думы,14,2,0.007458710708578,1469,75,136,64,51,68,0,14
5c77c6d6fed91f583dd7a794,Евланов Владимир Лазаревич,"[1, 30]",25,1,Депутат Государственной Думы,6,1,0.005110732538331,981,42,66,33,16,30,0,6
5c77c6d6fed91f583dd7a795,Езерский Николай Николаевич,"[2, 9, 28]",2,2,Депутат Государственной Думы,4,2,0.007067137809187,234,74,218,17,3,16,0,4
5c77c6d6fed91f583dd7a796,Езубов Алексей Петрович,"[8, 9, 34]",1,1,Депутат Государственной Думы,66,2,0.011422637590862,4299,243,431,299,158,282,0,66
5c77c6d6fed91f583dd7a797,Елыкомов Валерий Анатольевич,"[1, 25, 26]",15,1,Депутат Государственной Думы,14,1,0.005341472720336,2219,88,130,68,42,60,0,14
5c77c6d6fed91f583dd7a798,Емельянов Михаил Васильевич,"[26, 40]",5,4,Депутат Государственной Думы,23,2,0.00575719649562,1238,535,1957,87,57,98,0,23
5c77c6d6fed91f583dd7a799,Епифанова Ольга Николаевна,"[2, 8, 21, 34, 39]",16,4,Депутат Государственной Думы,13,2,0.004320372216683,1161,341,1337,54,32,64,7,13
5c77c6d6fed91f583dd7a79a,Есяков Сергей Яковлевич,"[2, 6]",26,1,Депутат Государственной Думы,3,2,0.025641025641026,64,12,11,7,8,12,0,3
5c77c6d6fed91f583dd7a79b,Ефимов Виталий Борисович,"[1, 22, 38]",19,1,Депутат Государственной Думы,7,2,0.011093502377179,412,52,70,36,16,31,7,7
5c77c6d6fed91f583dd7a79c,Жарков Антон Викторович,"[9, 21, 24]",19,1,Депутат Государственной Думы,44,2,0.010978043912176,2959,194,311,214,97,186,3,44
5c77c6d6fed91f583dd7a79d,Железняк Сергей Владимирович,"[21, 39]",12,1,Депутат Государственной Думы,31,2,0.015609264853978,1322,95,170,156,57,146,9,31
5c77c6d6fed91f583dd7a79e,Жигарев Сергей Александрович,"[1, 2, 4, 12]",25,3,Депутат Государственной Думы,5,2,0.009940357852883,217,72,156,20,4,24,5,5
5c77c6d6fed91f583dd7a79f,Жириновский Владимир Вольфович,"[26, 40]",0,3,Депутат Государственной Думы,10,3,0.011376564277588,220,129,396,48,29,47,0,10
5c77c6d6fed91f583dd7a7a0,Жуков Александр Дмитриевич,"[1, 2, 14, 24, 31, 32, 39]",0,1,Депутат Государственной Думы,18,3,0.036511156186613,205,42,64,70,22,72,0,18
5c77c6d6fed91f583dd7a7a1,Жупиков Александр Владимирович,"[2, 8]",1,1,Депутат Государственной Думы,3,2,0.008902077151335,258,10,25,15,10,16,0,3
5c77c6d6fed91f583dd7a7a2,Журавлев Алексей Александрович,"[1, 10, 13, 36, 39]",25,0,Депутат Государственной Думы,17,2,0.006609642301711,2004,149,220,70,36,71,5,17
5c77c6d6fed91f583dd7a7a3,Журова Светлана Сергеевна,"[2, 32, 35, 39]",12,1,Депутат Государственной Думы,17,2,0.014166666666667,867,52,84,66,44,70,0,17
5c77c6d6fed91f583dd7a7a4,Завальный Павел Николаевич,"[2, 5]",26,1,Депутат Государственной Думы,7,2,0.016949152542373,267,26,34,28,19,32,0,7
5c77c6d6fed91f583dd7a7a5,Заварзин Виктор Михайлович,[34],13,1,Депутат Государственной Думы,24,2,0.01452784503632,1102,91,167,108,44,111,5,24
5c77c6d6fed91f583dd7a7a6,Загребин Алексей Егорович,"[26, 39]",14,1,Депутат Государственной Думы,25,2,0.010016025641026,1928,96,155,97,80,115,0,25
5c77c6d6fed91f583dd7a7a7,Затулин Константин Федорович,"[31, 33, 39]",6,1,Депутат Государственной Думы,1,2,0.006993006993007,99,18,13,2,2,8,0,1
5c77c6d6fed91f583dd7a7a8,Земцов Николай Георгиевич,"[31, 36, 39]",17,1,Депутат Государственной Думы,5,2,0.009041591320072,429,22,31,20,21,25,0,5
5c77c6d6fed91f583dd7a7a9,Зиннуров Ирек Хайдарович,[32],6,1,Депутат Государственной Думы,22,2,0.006183249016301,2919,144,203,97,66,104,3,22
5c77c6d6fed91f583dd7a7aa,Зобнев Виктор Викторович,"[2, 14, 16]",25,1,Депутат Государственной Думы,1,2,0.003436426116838,214,21,37,12,2,4,0,1
5c77c6d6fed91f583dd7a7ab,Зубарев Виктор Владиславович,"[2, 9, 30]",3,1,Депутат Государственной Думы,29,2,0.007975797579758,2981,128,177,106,85,130,0,29
5c77c6d6fed91f583dd7a7ac,Зюганов Геннадий Андреевич,"[1, 2, 26]",6,2,Депутат Государственной Думы,8,2,0.007850834151129,313,166,434,39,19,40,0,8
5c77c6d6fed91f583dd7a7ad,Иванов Валерий Викторович,"[2, 39]",10,1,Депутат Государственной Думы,223,2,0.016656707499253,8800,682,1230,1044,413,978,18,223
5c77c6d6fed91f583dd7a7ae,Иванов Максим Анатольевич,"[2, 9, 34, 35]",17,1,Депутат Государственной Думы,30,2,0.009829619921363,2353,132,216,108,83,130,0,30
5c77c6d6fed91f583dd7a7af,Иванов Николай Николаевич,"[1, 26, 27]",17,2,Депутат Государственной Думы,10,2,0.010672358591249,349,122,331,52,11,56,6,10
5c77c6d6fed91f583dd7a7b0,Иванов Сергей Владимирович,[2],5,3,Депутат Государственной Думы,5,3,0.003474635163308,317,161,898,21,13,24,0,5
5c77c6d6fed91f583dd7a7b1,Игнатов Виктор Александрович,[2],1,1,Депутат Государственной Думы,3,2,0.009009009009009,251,15,23,15,10,16,0,3
5c77c6d6fed91f583dd7a7b2,Игошин Игорь Николаевич,[8],18,1,Депутат Государственной Думы,16,2,0.018327605956472,528,67,86,67,37,72,0,16
5c77c6d6fed91f583dd7a7b3,Изотов Алексей Николаевич,"[1, 4, 24]",23,1,Депутат Государственной Думы,14,2,0.012715712988193,794,69,75,52,37,60,0,14
5c77c6d6fed91f583dd7a7b4,Ильтяков Александр Владимирович,"[8, 21]",17,1,Депутат Государственной Думы,18,2,0.010428736964079,1323,72,117,86,30,80,0,18
5c77c6d6fed91f583dd7a7b5,Ионин Дмитрий Александрович,"[2, 21, 30, 36, 39]",19,4,Депутат Государственной Думы,2,2,0.004210526315789,255,99,91,8,12,8,0,2
5c77c6d6fed91f583dd7a7b6,Исаев Андрей Константинович,"[26, 27, 39]",20,1,Депутат Государственной Думы,18,2,0.015748031496063,687,82,134,82,52,88,0,18
5c77c6d6fed91f583dd7a7b7,Исламов Дмитрий Викторович,"[1, 24, 26, 36]",26,1,Депутат Государственной Думы,1,2,0.00952380952381,63,11,10,7,5,8,0,1
5c77c6d6fed91f583dd7a7b8,Ишсарин Рамзил Рафаилович,[38],17,1,Депутат Государственной Думы,17,2,0.014190317195326,815,57,121,62,46,80,0,17
5c77c6d6fed91f583dd7a7b9,Ищенко Александр Николаевич,"[2, 4, 22, 26, 28]",16,1,Депутат Государственной Думы,27,2,0.009352268791133,2211,125,207,119,73,122,3,27
5c77c6d6fed91f583dd7a7ba,Кабанова Валентина Викторовна,"[2, 27, 39]",20,1,Депутат Государственной Думы,27,2,0.009673951988535,2145,103,183,143,71,116,3,27
5c77c6d6fed91f583dd7a7bb,Кавинов Артем Александрович,"[1, 2, 4]",6,1,Депутат Государственной Думы,12,2,0.007926023778071,1201,67,92,45,39,58,0,12
5c77c6d6fed91f583dd7a7bc,Казаков Виктор Алексеевич,"[2, 4]",1,1,Депутат Государственной Думы,14,2,0.015418502202643,594,53,111,53,27,56,0,14
5c77c6d6fed91f583dd7a7bd,Казакова Ольга Михайловна,"[1, 26, 39]",11,1,Депутат Государственной Думы,35,2,0.01257183908046,2026,131,217,143,83,149,0,35
5c77c6d6fed91f583dd7a7be,Казанков Сергей Иванович,[8],23,2,Депутат Государственной Думы,1,2,0.003076923076923,171,59,85,3,2,4,0,1
5c77c6d6fed91f583dd7a7bf,Калашников Леонид Иванович,"[2, 6, 12]",6,2,Депутат Государственной Думы,4,2,0.006622516556291,391,64,106,14,9,16,0,4
5c77c6d6fed91f583dd7a7c0,Каличенко Андрей Владимирович,"[2, 24, 28]",19,1,Депутат Государственной Думы,17,1,0.005712365591398,2507,98,155,74,45,77,3,17
5c77c6d6fed91f583dd7a7c1,Каминский Александр Викторович,[7],26,1,Депутат Государственной Думы,12,2,0.007317073170732,1353,51,85,52,35,52,0,12
5c77c6d6fed91f583dd7a7c2,Канаев Алексей Валерианович,"[2, 33]",25,1,Депутат Государственной Думы,41,2,0.00815595782773,4022,187,304,176,117,177,3,41
5c77c6d6fed91f583dd7a7c3,Карамышев Виктор Николаевич,"[2, 18, 21, 38]",10,1,Депутат Государственной Думы,31,2,0.006887358364808,3659,177,271,137,87,136,3,31
5c77c6d6fed91f583dd7a7c4,Каргинов Сергей Генрихович,"[2, 40]",18,3,Депутат Государственной Думы,7,2,0.006475485661425,352,130,533,27,6,26,0,7
5c77c6d6fed91f583dd7a7c5,Карелин Александр Александрович,"[32, 35]",26,1,Депутат Государственной Думы,5,3,0.025906735751295,102,14,19,16,14,23,0,5
5c77c6d6fed91f583dd7a7c6,Карлов Георгий Александрович,"[1, 2, 18, 21]",2,1,Депутат Государственной Думы,18,2,0.009809264305177,1351,98,138,85,55,90,0,18
5c77c6d6fed91f583dd7a7c7,Кармазина Раиса Васильевна,"[2, 24]",10,1,Депутат Государственной Думы,61,2,0.011897795982056,3788,235,376,274,129,252,12,61
5c77c6d6fed91f583dd7a7c8,Карпов Анатолий Евгеньевич,"[2, 26, 32, 39]",12,1,Депутат Государственной Думы,22,2,0.007865570253843,2272,88,195,95,39,86,0,22
5c77c6d6fed91f583dd7a7c9,Касаева Татьяна Викторовна,"[26, 39, 40]",14,1,Депутат Государственной Думы,25,2,0.009160864785636,2129,109,182,97,77,110,0,25
5c77c6d6fed91f583dd7a7ca,Катасонов Сергей Михайлович,"[2, 28, 30, 39]",3,3,Депутат Государственной Думы,5,2,0.003533568904594,483,196,637,33,17,32,12,5
5c77c6d6fed91f583dd7a7cb,Катенев Владимир Иванович,"[6, 26, 38]",6,1,Депутат Государственной Думы,28,2,0.007583965330444,3051,117,184,106,81,125,0,28
5c77c6d6fed91f583dd7a7cc,Качкаев Павел Рюрикович,"[1, 10, 30]",8,1,Депутат Государственной Думы,36,2,0.014178810555337,1640,133,278,196,84,160,12,36
5c77c6d6fed91f583dd7a7cd,Кашин Владимир Иванович,"[8, 26]",1,2,Депутат Государственной Думы,16,2,0.014260249554367,533,152,266,65,27,63,0,16
5c77c6d6fed91f583dd7a7ce,Квитка Иван Иванович,"[2, 26, 39]",2,1,Депутат Государственной Думы,12,2,0.012383900928793,713,47,72,45,32,48,0,12
5c77c6d6fed91f583dd7a7cf,Кидяев Виктор Борисович,"[1, 18]",1,1,Депутат Государственной Думы,55,2,0.014160659114315,2596,193,373,283,130,254,0,55
5c77c6d6fed91f583dd7a7d0,Клыканов Александр Борисович,"[1, 2]",24,1,Депутат Государственной Думы,22,2,0.008076358296623,2235,89,146,79,62,91,0,22
5c77c6d6fed91f583dd7a7d1,Кобзев Юрий Викторович,"[2, 25]",15,1,Депутат Государственной Думы,48,2,0.008326105810928,4641,221,326,188,135,206,0,48
5c77c6d6fed91f583dd7a7d2,Кобилев Алексей Геннадьевич,"[2, 26]",10,1,Депутат Государственной Думы,74,2,0.008307139649753,6993,385,625,295,212,324,0,74
5c77c6d6fed91f583dd7a7d4,Ковпак Лев Игоревич,"[2, 21, 24]",3,1,Депутат Государственной Думы,12,2,0.01007556675063,898,57,99,43,32,50,0,12
5c77c6d6fed91f583dd7a7d5,Когогина Альфия Гумаровна,"[12, 24, 39]",25,1,Депутат Государственной Думы,63,2,0.013344630374921,3332,216,395,302,124,274,15,63
5c77c6d6fed91f583dd7a7d6,Козенко Андрей Дмитриевич,"[1, 2, 35, 39]",23,1,Депутат Государственной Думы,8,2,0.021621621621622,186,42,53,26,20,35,0,8
5c77c6d6fed91f583dd7a7d7,Козловский Александр Николаевич,"[2, 16]",25,1,Депутат Государственной Думы,6,1,0.005550416281221,928,38,50,23,13,23,0,6
5c77c6d6fed91f583dd7a7d8,Колесников Олег Алексеевич,"[21, 24]",2,1,Депутат Государственной Думы,7,1,0.0068359375,840,42,62,25,20,28,0,7
5c77c6d6fed91f583dd7a7d9,Коломейцев Николай Васильевич,"[2, 14]",20,2,Депутат Государственной Думы,7,2,0.004739336492891,508,234,659,23,14,32,0,7
5c77c6d6fed91f583dd7a7da,Кононов Владимир Михайлович,"[21, 25, 28, 31, 38, 39]",14,1,Депутат Государственной Думы,34,2,0.014321819713564,1634,124,223,150,56,147,6,34
5c77c6d6fed91f583dd7a7db,Корниенко Алексей Викторович,"[2, 26]",18,2,Депутат Государственной Думы,7,2,0.003912800447177,592,229,874,39,8,40,0,7
5c77c6d6fed91f583dd7a7dc,Костенко Наталья Васильевна,"[33, 36]",10,1,Депутат Государственной Думы,10,2,0.007751937984496,997,69,80,50,39,45,0,10
5c77c6d6fed91f583dd7a7dd,Косяненко Евгений Викторович,"[2, 25, 35]",15,1,Депутат Государственной Думы,4,1,0.002609262883235,1365,51,61,21,11,20,0,4
5c77c6d6fed91f583dd7a7de,Коткин Сергей Николаевич,"[2, 35]",18,1,Депутат Государственной Думы,19,2,0.007973143096937,1906,95,141,76,60,86,0,19
5c77c6d6fed91f583dd7a7df,Кравец Александр Алексеевич,[26],7,2,Депутат Государственной Думы,1,2,0.001828153564899,174,89,272,4,3,4,0,1
5c77c6d6fed91f583dd7a7e0,Кравченко Денис Борисович,"[1, 2, 26, 36, 39]",25,1,Депутат Государственной Думы,10,2,0.011494252873563,632,43,75,43,28,39,0,10
5c77c6d6fed91f583dd7a7e1,Красноштанов Алексей Николаевич,"[4, 28, 39]",3,1,Депутат Государственной Думы,22,1,0.006445941986522,2853,111,183,87,59,95,3,22
5c77c6d6fed91f583dd7a7e2,Красов Андрей Леонидович,[34],13,1,Депутат Государственной Думы,35,2,0.011400651465798,2235,156,249,170,58,162,5,35
5c77c6d6fed91f583dd7a7e3,Крашенинников Павел Владимирович,"[1, 2, 26, 30, 32, 39, 40]",5,1,Депутат Государственной Думы,55,3,0.023394300297746,1212,170,326,208,145,235,0,55
5c77c6d6fed91f583dd7a7e4,Кривенко Татьяна Олеговна,"[1, 2]",20,1,Депутат Государственной Думы,0,0,0,0,0,0,0,0,0,0,0
5c77c6d6fed91f583dd7a7e5,Кривоносов Сергей Владимирович,"[28, 32, 39]",22,1,Депутат Государственной Думы,19,2,0.01678445229682,726,71,114,94,32,76,0,19
5c77c6d6fed91f583dd7a7e6,Крупенников Владимир Александрович,"[32, 39]",17,1,Депутат Государственной Думы,17,2,0.019906323185012,486,62,119,68,31,71,0,17
5c77c6d6fed91f583dd7a7e7,Крючек Сергей Иванович,"[24, 34]",16,4,Депутат Государственной Думы,3,2,0.001982815598149,518,180,770,14,12,16,0,3
5c77c6d6fed91f583dd7a7e8,Кувшинова Наталья Сергеевна,"[39, 40]",22,1,Депутат Государственной Думы,12,1,0.005808325266215,1760,72,92,41,35,54,0,12
5c77c6d6fed91f583dd7a7e9,Кувычко Анна Александровна,"[2, 40]",4,1,Депутат Государственной Думы,6,1,0.003976143141153,1284,66,64,32,23,34,0,6
5c77c6d6fed91f583dd7a7ea,Кудрявцев Максим Георгиевич,"[2, 23, 39]",9,1,Депутат Государственной Думы,9,2,0.008579599618684,815,58,65,38,24,40,0,9
5c77c6d6fed91f583dd7a7eb,Кузьмин Андрей Альбертович,"[2, 30, 35]",18,3,Депутат Государственной Думы,0,1,0,17,4,0,0,0,0,0,0
5c77c6d6fed91f583dd7a7ec,Кузьмин Михаил Владимирович,"[1, 2, 12]",16,1,Депутат Государственной Думы,3,2,0.010909090909091,178,12,31,23,9,16,3,3
5c77c6d6fed91f583dd7a7ed,Кулиева Василина Васильевна,"[2, 40]",4,3,Депутат Государственной Думы,4,3,0.006220839813375,185,51,363,14,10,16,0,4
5c77c6d6fed91f583dd7a7ee,Кулик Геннадий Васильевич,"[1, 2, 8]",3,1,Депутат Государственной Думы,16,2,0.02416918429003,350,44,84,71,29,68,0,16
5c77c6d6fed91f583dd7a7ef,Курбанов Ризван Даниялович,"[1, 35, 40]",10,2,Депутат Государственной Думы,17,2,0.013632718524459,693,139,225,67,27,79,0,17
5c77c6d6fed91f583dd7a7f0,Курдюмов Александр Борисович,"[1, 26, 35]",10,3,Депутат Государственной Думы,5,2,0.006273525721455,247,93,409,15,8,20,0,5
5c77c6d6fed91f583dd7a7f1,Куринный Алексей Владимирович,"[2, 25]",15,2,Депутат Государственной Думы,2,2,0.003007518796992,332,91,218,9,5,8,0,2
5c77c6d6fed91f583dd7a7f2,Лавриненко Алексей Федорович,"[8, 39]",1,1,Депутат Государственной Думы,7,2,0.011824324324324,462,22,36,22,15,28,0,7
5c77c6d6fed91f583dd7a7f3,Лавров Олег Леонидович,[34],11,3,Депутат Государственной Думы,2,2,0.008547008547009,82,35,98,5,4,8,0,2
5c77c6d6fed91f583dd7a7f4,Ламейкин Дмитрий Викторович,"[2, 33]",10,1,Депутат Государственной Думы,43,2,0.008530053560801,3955,195,352,169,137,190,0,43
5c77c6d6fed91f583dd7a7f5,Лебедев Игорь Владимирович,[2],5,3,Депутат Государственной Думы,27,3,0.007640067911715,1046,406,1753,114,66,122,0,27
5c77c6d6fed91f583dd7a7f6,Лебедев Олег Александрович,"[2, 39]",1,2,Депутат Государственной Думы,6,2,0.010714285714286,214,82,190,31,13,24,0,6
5c77c6d6fed91f583dd7a7f7,Левин Леонид Леонидович,"[33, 36, 39]",9,4,Депутат Государственной Думы,22,3,0.027093596059113,383,66,122,84,38,91,6,22
5c77c6d6fed91f583dd7a7f8,Левицкий Юрий Андреевич,"[1, 2]",12,1,Депутат Государственной Думы,14,2,0.008092485549133,1378,66,116,54,36,66,0,14
5c77c6d6fed91f583dd7a7f9,Ледков Григорий Петрович,"[1, 8]",7,1,Депутат Государственной Думы,4,2,0.021390374331551,102,18,26,12,9,16,0,4
5c77c6d6fed91f583dd7a7fa,Литовченко Анатолий Григорьевич,"[1, 8]",21,1,Депутат Государственной Думы,21,2,0.008095605242868,2090,96,154,75,65,93,0,21
5c77c6d6fed91f583dd7a7fb,Лоор Иван Иванович,"[1, 2, 8]",1,1,Депутат Государственной Думы,4,2,0.010204081632653,292,20,36,15,9,16,0,4
5c77c6d6fed91f583dd7a7fc,Луговой Андрей Константинович,[35],2,3,Депутат Государственной Думы,20,2,0.022831050228311,453,84,125,68,43,83,0,20
5c77c6d6fed91f583dd7a7fd,Лысаков Вячеслав Иванович,"[22, 25, 33, 39]",5,1,Депутат Государственной Думы,27,2,0.019679300291545,724,99,207,139,53,123,0,27
5c77c6d6fed91f583dd7a7fe,Лященко Алексей Вадимович,"[2, 11]",23,1,Депутат Государственной Думы,4,2,0.017467248908297,135,30,21,14,9,16,0,4
5c77c6d6fed91f583dd7a7ff,Маграмов Абдулмажид Варисович,"[8, 26, 28]",15,1,Депутат Государственной Думы,19,1,0.00491718426501,3267,143,213,77,55,90,0,19
5c77c6d7fed91f583dd7a800,Макаров Андрей Михайлович,"[33, 39, 40]",3,1,Депутат Государственной Думы,49,3,0.033584647018506,597,112,191,189,107,214,0,49
5c77c6d7fed91f583dd7a801,Макиев Зураб Гайозович,"[1, 39]",25,1,Депутат Государственной Думы,14,2,0.019830028328612,464,31,54,55,33,55,0,14
5c77c6d7fed91f583dd7a802,Максимов Александр Александрович,"[2, 9, 35]",25,1,Депутат Государственной Думы,36,2,0.006498194945848,4530,198,353,152,108,160,3,36
5c77c6d7fed91f583dd7a803,Максимов Василий Юрьевич,"[2, 25]",11,1,Депутат Государственной Думы,27,2,0.012893982808023,1345,152,244,134,60,132,0,27
5c77c6d7fed91f583dd7a804,Максимова Надежда Сергеевна,"[1, 24]",3,1,Депутат Государственной Думы,43,2,0.021224086870681,1178,125,206,196,80,186,12,43
5c77c6d7fed91f583dd7a805,Максимова Светлана Викторовна,"[2, 8]",1,1,Депутат Государственной Думы,14,2,0.011784511784512,849,60,103,72,28,62,0,14
5c77c6d7fed91f583dd7a806,Малов Николай Владимирович,"[2, 8]",16,1,Депутат Государственной Думы,25,2,0.007603406326034,2577,131,255,101,81,118,0,25
5c77c6d7fed91f583dd7a807,Марданшин Рафаэль Мирхатимович,"[2, 34, 36, 38, 39, 40]",5,1,Депутат Государственной Думы,69,2,0.014441188781917,3123,265,509,322,177,313,0,69
5c77c6d7fed91f583dd7a808,Маринин Сергей Владимирович,"[2, 21]",12,3,Депутат Государственной Думы,8,2,0.009142857142857,386,92,300,32,22,35,0,8
5c77c6d7fed91f583dd7a809,Марков Андрей Павлович,"[1, 35]",21,1,Депутат Государственной Думы,15,2,0.006404782237404,1903,96,163,55,42,68,0,15
5c77c6d7fed91f583dd7a80a,Марченко Евгений Евгеньевич,"[2, 39, 40]",5,1,Депутат Государственной Думы,4,2,0.008620689655172,338,20,66,11,9,16,0,4
5c77c6d7fed91f583dd7a80b,Марьяш Ирина Евгеньевна,"[1, 2, 24]",10,1,Депутат Государственной Думы,26,2,0.007260541748115,2909,143,224,99,74,106,0,26
5c77c6d7fed91f583dd7a80c,Медведев Иван Владимирович,"[2, 6]",26,1,Депутат Государственной Думы,16,2,0.00700832238283,1775,92,174,72,66,88,0,16
5c77c6d7fed91f583dd7a80d,Мельник Владимир Иванович,"[2, 7, 39]",20,1,Депутат Государственной Думы,14,2,0.016847172081829,525,44,89,59,40,60,0,14
5c77c6d7fed91f583dd7a80e,Мельников Иван Иванович,[26],0,2,Депутат Государственной Думы,18,2,0.010303377218088,673,228,618,79,34,90,7,18
5c77c6d7fed91f583dd7a80f,Менделевич Борис Давыдович,"[1, 25, 26]",15,1,Депутат Государственной Думы,0,1,0,551,29,15,11,6,10,0,0
5c77c6d7fed91f583dd7a810,Милонов Виталий Валентинович,"[2, 39]",17,1,Депутат Государственной Думы,2,2,0.008333333333333,171,28,22,5,4,8,0,2
5c77c6d7fed91f583dd7a811,Минкин Иршат Султанович,"[1, 2, 30]",19,1,Депутат Государственной Думы,35,2,0.006986027944112,4078,168,309,146,113,158,3,35
5c77c6d7fed91f583dd7a812,Миронов Сергей Михайлович,"[2, 7, 28, 39]",0,4,Депутат Государственной Думы,21,2,0.004061895551257,1427,721,2735,105,50,104,7,21
5c77c6d7fed91f583dd7a813,Миронова Валентина Михайловна,[26],4,1,Депутат Государственной Думы,9,2,0.005791505791506,1263,48,110,51,29,44,0,9
5c77c6d7fed91f583dd7a814,Митина Елена Анатольевна,"[26, 27, 39]",14,1,Депутат Государственной Думы,45,2,0.009443861490031,3667,193,331,201,126,202,0,45
5c77c6d7fed91f583dd7a815,Мищеряков Юрий Николаевич,"[1, 2, 13, 30, 36]",6,1,Депутат Государственной Думы,10,2,0.006609385327165,1231,62,96,44,24,46,0,10
5c77c6d7fed91f583dd7a816,Морозов Антон Юрьевич,"[2, 36]",12,3,Депутат Государственной Думы,2,3,0.004494382022472,102,38,286,5,4,8,0,2
5c77c6d7fed91f583dd7a817,Морозов Дмитрий Анатольевич,"[25, 26, 39]",15,1,Депутат Государственной Думы,6,2,0.010398613518198,459,25,32,18,13,24,0,6
5c77c6d7fed91f583dd7a818,Москвин Денис Павлович,"[2, 4, 33, 36, 39]",25,1,Депутат Государственной Думы,4,2,0.007590132827324,399,29,43,19,12,21,0,4
5c77c6d7fed91f583dd7a819,Москвичев Евгений Сергеевич,"[1, 22, 38]",19,1,Депутат Государственной Думы,14,2,0.018324607329843,426,59,93,68,30,67,7,14
5c77c6d7fed91f583dd7a81a,Мукабенова Марина Алексеевна,[33],9,1,Депутат Государственной Думы,21,2,0.017979452054795,730,65,118,84,43,107,0,21
5c77c6d7fed91f583dd7a81b,Муцоев Зелимхан Аликоевич,"[9, 17, 18, 28]",12,1,Депутат Государственной Думы,30,2,0.02356637863315,704,79,146,122,60,132,0,30
5c77c6d7fed91f583dd7a81c,Назарова Наталья Васильевна,[9],26,1,Депутат Государственной Думы,28,2,0.007734806629834,2992,120,172,102,80,126,0,28
5c77c6d7fed91f583dd7a81d,Напсо Юрий Аисович,"[4, 5, 8]",5,3,Депутат Государственной Думы,4,3,0.030075187969925,53,10,28,10,12,16,0,4
5c77c6d7fed91f583dd7a81e,Натаров Сергей Васильевич,"[1, 2, 39]",15,3,Депутат Государственной Думы,4,2,0.005847953216374,251,35,346,16,16,16,0,4
5c77c6d7fed91f583dd7a81f,Неверов Сергей Иванович,"[7, 39]",4,1,Депутат Государственной Думы,25,3,0.024875621890547,518,70,128,99,51,114,0,25
5c77c6d7fed91f583dd7a820,Некрасов Александр Николаевич,[28],26,2,Депутат Государственной Думы,0,2,0,50,33,27,0,0,0,0,0
5c77c6d7fed91f583dd7a821,Николаев Николай Петрович,"[36, 38, 39]",16,1,Депутат Государственной Думы,19,2,0.013221990257481,1000,73,133,77,48,84,3,19
5c77c6d7fed91f583dd7a822,Николаев Олег Алексеевич,"[1, 2, 24]",25,4,Депутат Государственной Думы,22,2,0.008556981719175,898,328,1075,90,61,97,0,22
5c77c6d7fed91f583dd7a823,Николаева Виктория Викторовна,"[2, 8, 24, 32]",2,1,Депутат Государственной Думы,10,1,0.003710575139147,2319,87,120,59,39,58,3,10
5c77c6d7fed91f583dd7a824,Никонов Вячеслав Алексеевич,"[26, 36]",14,1,Депутат Государственной Думы,19,2,0.023058252427185,499,54,78,81,22,71,0,19
5c77c6d7fed91f583dd7a825,Нилов Олег Анатольевич,"[2, 32, 39]",10,4,Депутат Государственной Думы,12,2,0.002640845070423,1306,585,2522,39,28,52,0,12
5c77c6d7fed91f583dd7a826,Нилов Ярослав Евгеньевич,[39],20,3,Депутат Государственной Думы,26,3,0.00611620795107,1027,544,2384,103,60,107,0,26
5c77c6d7fed91f583dd7a827,Новиков Владимир Михайлович,"[1, 2, 22, 28]",18,1,Депутат Государственной Думы,12,2,0.006259780907668,1580,80,90,52,44,59,0,12
5c77c6d7fed91f583dd7a828,Новиков Дмитрий Георгиевич,"[1, 2, 26, 39]",12,2,Депутат Государственной Думы,1,2,0.002392344497608,164,85,149,7,4,8,0,1
5c77c6d7fed91f583dd7a829,Носов Александр Алексеевич,"[1, 8, 24]",3,1,Депутат Государственной Думы,25,2,0.010416666666667,1794,110,186,103,67,115,0,25
5c77c6d7fed91f583dd7a82a,Огуль Леонид Анатольевич,"[2, 25]",15,1,Депутат Государственной Думы,40,2,0.008841732979664,3574,193,287,183,76,171,0,40
5c77c6d7fed91f583dd7a82b,Окунева Ольга Владимировна,"[1, 2, 8, 27, 39]",4,1,Депутат Государственной Думы,25,2,0.010309278350516,1854,86,162,101,87,110,0,25
5c77c6d7fed91f583dd7a82c,Олейников Юрий Павлович,"[1, 9, 26, 36]",23,1,Депутат Государственной Думы,8,3,0.03448275862069,105,17,25,27,18,32,0,8
5c77c6d7fed91f583dd7a82d,Омаров Гаджимурад Заирбекович,"[28, 31, 39, 40]",12,4,Депутат Государственной Думы,11,2,0.004757785467128,1029,215,952,33,28,44,0,11
5c77c6d7fed91f583dd7a82e,Онищенко Геннадий Григорьевич,"[1, 22, 25]",14,1,Депутат Государственной Думы,5,2,0.009560229445507,389,26,33,27,19,24,0,5
5c77c6d7fed91f583dd7a82f,Ооржак Мерген Дадар-оолович,"[1, 2, 27, 36]",3,1,Депутат Государственной Думы,4,2,0.016949152542373,141,14,26,17,14,20,0,4
5c77c6d7fed91f583dd7a830,Осадчий Николай Иванович,"[2, 26]",15,2,Депутат Государственной Думы,0,2,0,90,62,131,0,0,0,0,0
5c77c6d7fed91f583dd7a831,Осипов Илья Владимирович,"[2, 21, 32]",8,1,Депутат Государственной Думы,14,2,0.006856023506366,1657,78,134,54,44,61,0,14
5c77c6d7fed91f583dd7a832,Павлова Ольга Ивановна,[32],20,1,Депутат Государственной Думы,14,2,0.010558069381599,1019,56,94,47,38,58,0,14
5c77c6d7fed91f583dd7a833,Пайкин Борис Романович,"[5, 8, 13, 22, 28, 32]",25,3,Депутат Государственной Думы,1,2,0.002762430939227,165,61,127,2,2,4,0,1
5c77c6d7fed91f583dd7a834,Палкин Андрей Васильевич,"[2, 19, 28]",16,1,Депутат Государственной Думы,14,2,0.008489993935719,1263,76,133,60,40,60,3,14
5c77c6d7fed91f583dd7a835,Панина Елена Владимировна,"[24, 28, 38, 39]",12,1,Депутат Государственной Думы,14,2,0.007986309184256,1345,75,137,75,38,69,0,14
5c77c6d7fed91f583dd7a836,Панков Николай Васильевич,"[2, 36]",10,1,Депутат Государственной Думы,58,2,0.014956162970603,2531,218,405,273,130,263,0,58
5c77c6d7fed91f583dd7a837,Пантелеев Сергей Михайлович,"[14, 16, 27]",25,2,Депутат Государственной Думы,0,2,0,107,62,105,0,0,0,0,0
5c77c6d7fed91f583dd7a838,Парфенов Денис Андреевич,"[24, 36]",21,2,Депутат Государственной Думы,0,2,0,86,57,149,0,0,0,0,0
5c77c6d7fed91f583dd7a839,Пахомов Сергей Александрович,"[2, 24, 39]",8,1,Депутат Государственной Думы,24,2,0.010747872816838,1711,84,154,88,67,105,0,24
5c77c6d7fed91f583dd7a83a,Пашин Виталий Львович,"[24, 32]",1,3,Депутат Государственной Думы,3,2,0.004702194357367,161,89,359,8,6,12,0,3
5c77c6d7fed91f583dd7a83b,Перминов Дмитрий Сергеевич,"[2, 35, 39]",2,1,Депутат Государственной Думы,17,1,0.006556112610875,2169,82,134,64,50,77,0,17
5c77c6d7fed91f583dd7a83c,Петров Александр Петрович,"[25, 26]",15,1,Депутат Государственной Думы,56,2,0.010873786407767,3889,218,382,224,139,242,0,56
5c77c6d7fed91f583dd7a83d,Петров Анатолий Ильич,"[2, 25]",15,1,Депутат Государственной Думы,56,2,0.008387000149768,5329,259,421,220,154,238,0,56
5c77c6d7fed91f583dd7a83e,Петров Сергей Валериевич,"[24, 28, 34]",10,1,Депутат Государственной Думы,9,2,0.025714285714286,198,20,31,46,10,36,0,9
5c77c6d7fed91f583dd7a83f,Петров Юрий Александрович,"[4, 40]",16,1,Депутат Государственной Думы,20,2,0.018298261665142,680,55,119,87,33,96,3,20
5c77c6d7fed91f583dd7a840,Петрунин Николай Юрьевич,"[5, 21]",26,1,Депутат Государственной Думы,31,2,0.00967842647518,2504,122,218,108,86,134,0,31
5c77c6d7fed91f583dd7a841,Пивненко Валентина Николаевна,"[2, 19, 24, 27]",18,1,Депутат Государственной Думы,3,2,0.010989010989011,192,18,31,9,8,12,0,3
5c77c6d7fed91f583dd7a842,Пилюс Наталия Николаевна,"[2, 3, 40]",11,1,Депутат Государственной Думы,31,2,0.006335581442878,4003,187,287,138,96,148,3,31
5c77c6d7fed91f583dd7a843,Пимашков Петр Иванович,"[1 ,2, 14]",26,1,Депутат Государственной Думы,91,2,0.011792147207464,5584,384,672,371,236,376,3,91
5c77c6d7fed91f583dd7a844,Пинский Виктор Витальевич,"[2, 3, 27, 40]",5,1,Депутат Государственной Думы,34,3,0.026033690658499,604,99,197,141,84,147,0,34
5c77c6d7fed91f583dd7a845,Пирог Дмитрий Юрьевич,[32],22,1,Депутат Государственной Думы,4,2,0.010152284263959,312,17,18,14,13,16,0,4
5c77c6d7fed91f583dd7a846,Пискарев Василий Иванович,"[1, 35, 40]",2,1,Депутат Государственной Думы,19,2,0.019407558733402,595,67,105,63,48,82,0,19
5c77c6d7fed91f583dd7a847,Плетнева Тамара Васильевна,[26],4,2,Депутат Государственной Думы,14,2,0.006505576208178,1125,205,676,48,29,55,0,14
5c77c6d7fed91f583dd7a848,Плотников Владимир Николаевич,"[2, 8, 38]",1,2,Депутат Государственной Думы,16,1,0.005483207676491,2406,105,180,81,55,75,0,16
5c77c6d7fed91f583dd7a849,Поздняков Владимир Георгиевич,[39],10,2,Депутат Государственной Думы,4,2,0.004509582863585,348,135,363,12,9,16,0,4
5c77c6d7fed91f583dd7a84a,Поклонская Наталья Владимировна,"[35, 40]",2,1,Депутат Государственной Думы,4,2,0.014545454545455,164,34,29,13,12,19,0,4
5c77c6d7fed91f583dd7a84b,Поляков Александр Алексеевич,"[2, 8]",1,1,Депутат Государственной Думы,22,1,0.006266021076616,2923,120,204,92,55,92,3,22
5c77c6d7fed91f583dd7a84c,Пономарев Алексей Алексеевич,"[1, 2, 8]",10,2,Депутат Государственной Думы,1,2,0.001683501683502,239,92,253,3,2,4,0,1
5c77c6d7fed91f583dd7a84d,Пономарев Аркадий Николаевич,"[8, 26]",1,1,Депутат Государственной Думы,17,2,0.012743628185907,988,65,83,72,41,68,0,17
5c77c6d7fed91f583dd7a84e,Примаков Евгений Александрович,"[33, 36, 39]",12,1,Депутат Государственной Думы,0,1,0,5,2,0,0,0,0,0,0
5c77c6d7fed91f583dd7a84f,Прокопьев Александр Сергеевич,"[25, 36, 39]",22,1,Депутат Государственной Думы,23,2,0.007136208501396,2529,141,211,131,66,122,0,23
5c77c6d7fed91f583dd7a850,Пушкарев Владимир Александрович,"[26, 32]",18,1,Депутат Государственной Думы,12,1,0.007096392667061,1417,60,72,47,35,48,0,12
5c77c6d7fed91f583dd7a851,Пушкина Оксана Викторовна,"[33, 39]",4,1,Депутат Государственной Думы,2,2,0.013605442176871,89,10,24,10,4,8,0,2
5c77c6d7fed91f583dd7a852,Пятикоп Александр Иванович,"[2, 26]",21,1,Депутат Государственной Думы,8,3,0.036199095022625,76,22,36,31,16,32,0,8
5c77c6d7fed91f583dd7a853,Рахматуллина Зугура Ягануровна,"[1, 26]",7,1,Депутат Государственной Думы,67,2,0.013670679453173,3476,225,388,300,144,295,6,67
5c77c6d7fed91f583dd7a855,Ревенко Евгений Васильевич,"[1, 33]",9,1,Депутат Государственной Думы,8,2,0.020100502512563,247,28,42,23,19,31,0,8
5c77c6d7fed91f583dd7a856,Резник Владислав Матусович,"[24, 26, 31]",3,1,Депутат Государственной Думы,21,3,0.021363173957274,479,84,161,82,50,106,0,21
5c77c6d7fed91f583dd7a857,Ремезков Александр Александрович,"[1, 2, 24, 28]",3,4,Депутат Государственной Думы,22,2,0.007868383404864,1224,271,1029,98,58,94,0,22
5c77c6d7fed91f583dd7a858,Ресин Владимир Иосифович,"[1, 2, 28]",19,1,Депутат Государственной Думы,8,2,0.018306636155606,290,18,43,30,17,31,0,8
5c77c6d7fed91f583dd7a859,Роднина Ирина Константиновна,"[32, 39]",12,1,Депутат Государственной Думы,15,2,0.011045655375552,1032,52,121,60,20,58,0,15
5c77c6d7fed91f583dd7a85a,Романенко Роман Юрьевич,[34],13,1,Депутат Государственной Думы,12,2,0.013793103448276,574,47,95,57,33,52,0,12
5c77c6d7fed91f583dd7a85b,Романов Михаил Валентинович,"[26, 31, 39]",10,1,Депутат Государственной Думы,66,2,0.009083402146986,5490,343,570,270,220,304,3,66
5c77c6d7fed91f583dd7a85c,Рудченко Валентина Васильевна,"[2, 26]",18,1,Депутат Государственной Думы,3,1,0.005988023952096,421,26,21,12,6,12,0,3
5c77c6d7fed91f583dd7a85e,Рыжак Николай Иванович,"[35, 36]",2,4,Депутат Государственной Думы,3,2,0.002752293577982,328,133,582,15,11,18,0,3
5c77c6d7fed91f583dd7a85f,Саблин Дмитрий Вадимович,"[34, 39]",17,1,Депутат Государственной Думы,20,2,0.008948545861298,1723,96,148,79,77,92,0,20
5c77c6d7fed91f583dd7a860,Савастьянова Ольга Викторовна,"[36, 39]",10,1,Депутат Государственной Думы,12,2,0.00597609561753,1616,91,150,49,31,52,7,12
5c77c6d7fed91f583dd7a861,Савельев Дмитрий Иванович,[28],2,3,Депутат Государственной Думы,24,2,0.006698297516048,1514,348,1423,115,53,106,0,24
5c77c6d7fed91f583dd7a862,Савицкая Светлана Евгеньевна,"[26, 34]",13,2,Депутат Государственной Думы,2,2,0.008968609865471,98,43,59,10,3,8,0,2
5c77c6d7fed91f583dd7a863,Савченко Светлана Борисовна,"[2, 26, 27]",11,1,Депутат Государственной Думы,8,2,0.008629989212513,655,69,89,38,25,43,0,8
5c77c6d7fed91f583dd7a864,Сазонов Дмитрий Валерьевич,"[1, 26, 38, 39]",25,1,Депутат Государственной Думы,5,2,0.008635578583765,442,30,48,20,14,20,0,5
5c77c6d7fed91f583dd7a865,Сайтиев Бувайсар Хамидович,"[5, 32]",22,1,Депутат Государственной Думы,2,1,0.002092050209205,857,31,23,13,12,18,0,2
5c77c6d7fed91f583dd7a866,Санина Наталья Петровна,"[25, 26]",15,1,Депутат Государственной Думы,18,1,0.005861282969717,2653,98,121,59,46,76,0,18
5c77c6d7fed91f583dd7a867,Сапко Игорь Вячеславович,"[2, 39]",21,1,Депутат Государственной Думы,27,2,0.007381082558775,2835,169,265,128,94,140,0,27
5c77c6d7fed91f583dd7a868,Сапрыкина Татьяна Васильевна,"[25, 27]",20,1,Депутат Государственной Думы,25,2,0.008280887711163,2428,103,185,95,77,106,0,25
5c77c6d7fed91f583dd7a869,Саралиев Шамсаил Юнусович,"[1, 36]",7,1,Депутат Государственной Думы,16,2,0.018390804597701,527,57,97,74,36,63,0,16
5c77c6d7fed91f583dd7a86a,Сафаралиев Гаджимет Керимович,[26],14,1,Депутат Государственной Думы,68,2,0.008197709463532,6630,350,512,287,158,290,0,68
5c77c6d7fed91f583dd7a86b,Сватковский Дмитрий Валерьевич,"[1, 24, 31, 32]",10,1,Депутат Государственной Думы,3,3,0.037974683544304,31,6,12,9,6,12,0,3
5c77c6d7fed91f583dd7a86c,Свинцов Андрей Николаевич,[39],9,3,Депутат Государственной Думы,7,3,0.003861003861004,415,224,1105,22,12,28,0,7
5c77c6d7fed91f583dd7a86d,Свищев Дмитрий Александрович,"[9, 32]",22,3,Депутат Государственной Думы,10,2,0.019417475728155,271,54,73,43,16,48,0,10
5c77c6d7fed91f583dd7a86e,Селезнев Валерий Сергеевич,"[8, 21, 28]",26,3,Депутат Государственной Думы,4,2,0.010335917312662,151,60,132,18,6,16,0,4
5c77c6d7fed91f583dd7a86f,Селиверстов Виктор Валентинович,"[2, 34]",3,1,Депутат Государственной Думы,8,2,0.009400705052879,653,34,66,32,21,37,0,8
5c77c6d7fed91f583dd7a870,Селимханов Магомед Саламович,"[1, 30, 36, 39]",17,1,Депутат Государственной Думы,22,2,0.013664596273292,1170,72,127,77,52,90,0,22
5c77c6d7fed91f583dd7a871,Серова Елена Олеговна,[13],24,1,Депутат Государственной Думы,2,2,0.009216589861751,158,12,26,7,4,8,0,2
5c77c6d7fed91f583dd7a872,Серпер Евгений Александрович,"[2, 4, 8, 12, 22, 28, 39]",19,1,Депутат Государственной Думы,6,2,0.008759124087591,540,25,44,24,16,30,0,6
5c77c6d7fed91f583dd7a873,Сибагатуллин Фатих Саубанович,"[1, 2, 4, 26]",24,1,Депутат Государственной Думы,26,2,0.011643528884908,1651,96,180,114,54,112,0,26
5c77c6d7fed91f583dd7a874,Сидоров Александр Леонидович,"[1, 2, 28, 39]",21,1,Депутат Государственной Думы,13,2,0.008064516129032,1281,66,103,54,33,62,0,13
5c77c6d7fed91f583dd7a875,Симановский Леонид Яковлевич,"[4, 5, 11, 24, 28]",3,1,Депутат Государственной Думы,27,3,0.030066815144766,452,58,103,94,54,110,0,27
5c77c6d7fed91f583dd7a876,Синельщиков Юрий Петрович,"[26, 34, 35, 39, 40]",5,2,Депутат Государственной Думы,12,2,0.010889292196007,460,146,354,47,31,52,0,12
5c77c6d7fed91f583dd7a877,Синяговский Владимир Ильич,"[1, 2, 8]",19,1,Депутат Государственной Думы,24,1,0.005069708491762,3952,168,281,115,79,115,0,24
5c77c6d7fed91f583dd7a878,Ситников Алексей Владимирович,[8],1,1,Депутат Государственной Думы,3,2,0.008902077151335,265,20,22,8,7,12,0,3
5c77c6d7fed91f583dd7a879,Скляр Геннадий Иванович,"[1, 33, 39]",26,1,Депутат Государственной Думы,2,2,0.012738853503185,117,10,11,5,4,8,0,2
5c77c6d7fed91f583dd7a87a,Скоч Андрей Владимирович,[9],12,1,Депутат Государственной Думы,31,2,0.014925373134328,1415,104,166,150,75,136,0,31
5c77c6d7fed91f583dd7a87b,Скриванов Дмитрий Станиславович,"[2, 8, 33, 39]",23,1,Депутат Государственной Думы,20,2,0.011862396204033,1234,78,132,87,48,84,3,20
5c77c6d8fed91f583dd7a87c,Скруг Валерий Степанович,"[2, 38]",3,1,Депутат Государственной Думы,19,2,0.005967336683417,2607,130,194,91,49,91,3,19
5c77c6d8fed91f583dd7a87d,Слуцкий Леонид Эдуардович,"[24, 26, 36, 38]",12,3,Депутат Государственной Думы,3,3,0.030612244897959,44,8,13,6,8,16,0,3
5c77c6d8fed91f583dd7a87e,Слыщенко Константин Григорьевич,"[2, 12, 34]",16,1,Депутат Государственной Думы,28,1,0.005749486652977,4005,207,298,117,85,127,3,28
5c77c6d8fed91f583dd7a87f,Смирнов Юрий Валентинович,"[2, 12, 18, 36, 39]",22,1,Депутат Государственной Думы,6,1,0.004604758250192,1122,42,68,26,15,24,0,6
5c77c6d8fed91f583dd7a880,Смолин Олег Николаевич,"[2, 26]",14,2,Депутат Государственной Думы,17,2,0.007018992568126,1068,253,930,68,21,65,0,17
5c77c6d8fed91f583dd7a881,Солнцева Светлана Юрьевна,"[2, 26]",14,1,Депутат Государственной Думы,1,1,0.001937984496124,474,14,17,4,2,4,0,1
5c77c6d8fed91f583dd7a882,Соломатина Татьяна Васильевна,"[25, 39]",15,1,Депутат Государственной Думы,15,2,0.006208609271523,1967,85,160,76,42,71,0,15
5c77c6d8fed91f583dd7a883,Сопчук Сергей Андреевич,"[1, 2, 22]",19,1,Депутат Государственной Думы,3,1,0.004322766570605,624,23,16,8,8,12,0,3
5c77c6d8fed91f583dd7a884,Станкевич Игорь Валентинович,"[34, 39]",1,1,Депутат Государственной Думы,12,2,0.006845407872219,1423,63,109,52,36,58,0,12
5c77c6d8fed91f583dd7a885,Старовойтов Александр Сергеевич,[35],19,3,Депутат Государственной Думы,6,2,0.006802721088435,367,96,343,20,16,27,7,6
5c77c6d8fed91f583dd7a886,Старшинов Михаил Евгеньевич,"[7, 9, 40]",24,1,Депутат Государственной Думы,17,2,0.011046133853151,1167,71,106,66,32,80,0,17
5c77c6d8fed91f583dd7a887,Строкова Елена Викторовна,[2],12,3,Депутат Государственной Думы,4,2,0.006182380216383,216,72,316,14,9,16,0,4
5c77c6d8fed91f583dd7a888,Суббот Валентин Владимирович,"[2, 8]",1,1,Депутат Государственной Думы,12,1,0.003365114974762,3054,132,192,65,47,64,0,12
5c77c6d8fed91f583dd7a889,Сураев Максим Викторович,"[34, 39]",19,1,Депутат Государственной Думы,12,2,0.009404388714734,1025,44,57,50,33,55,0,12
5c77c6d8fed91f583dd7a88a,Сухарев Иван Константинович,"[32, 39, 40]",17,3,Депутат Государственной Думы,8,2,0.005,664,157,692,24,19,36,0,8
5c77c6d8fed91f583dd7a88b,Сухарев Игорь Николаевич,"[2, 8, 39]",21,1,Депутат Государственной Думы,13,2,0.008783783783784,1179,63,88,47,38,52,0,13
5c77c6d8fed91f583dd7a88d,Таймазов Артур Борисович,[32],22,1,Депутат Государственной Думы,3,2,0.006564551422319,374,20,19,13,10,18,0,3
5c77c6d8fed91f583dd7a88e,Тайсаев Казбек Куцукович,"[1, 39]",6,2,Депутат Государственной Думы,2,2,0.003629764065336,208,96,227,6,4,8,0,2
5c77c6d8fed91f583dd7a88f,Тарасенко Михаил Васильевич,[27],20,1,Депутат Государственной Думы,14,2,0.016826923076923,538,47,85,56,36,56,0,14
5c77c6d8fed91f583dd7a890,Тен Сергей Юрьевич,"[2, 22]",19,1,Депутат Государственной Думы,21,2,0.014432989690722,966,82,155,95,44,85,7,21
5c77c6d8fed91f583dd7a891,Терентьев Александр Васильевич,"[4, 8, 28]",7,4,Депутат Государственной Думы,10,2,0.005757052389177,729,189,679,59,28,43,0,10
5c77c6d8fed91f583dd7a892,Терентьев Михаил Борисович,[32],20,1,Депутат Государственной Думы,18,2,0.017408123791103,637,84,111,74,39,71,0,18
5c77c6d8fed91f583dd7a893,Терешкова Валентина Владимировна,"[2, 34, 39]",21,1,Депутат Государственной Думы,10,2,0.014792899408284,473,31,62,36,24,40,0,10
5c77c6d8fed91f583dd7a894,Тетерин Иван Михайлович,"[26, 34]",13,1,Депутат Государственной Думы,34,2,0.010029498525074,2574,143,252,148,96,143,0,34
5c77c6d8fed91f583dd7a895,Тимофеева Ольга Викторовна,"[2, 33]",24,1,Депутат Государственной Думы,17,2,0.015525114155251,738,70,86,77,26,74,7,17
5c77c6d8fed91f583dd7a896,Тихомиров Анатолий Федорович,"[2, 25]",18,1,Депутат Государственной Думы,16,1,0.004842615012107,2779,139,195,65,46,64,0,16
5c77c6d8fed91f583dd7a897,Ткачев Алексей Николаевич,"[2, 8, 34]",1,1,Депутат Государственной Думы,39,2,0.009801457652677,3003,153,303,196,108,174,3,39
5c77c6d8fed91f583dd7a898,Толстой Петр Олегович,[33],0,1,Депутат Государственной Думы,15,2,0.011627906976744,881,92,135,58,42,67,0,15
5c77c6d8fed91f583dd7a899,Торощин Игорь Андреевич,[2],8,3,Депутат Государственной Думы,1,2,0.004504504504505,82,26,105,2,2,4,0,1
5c77c6d8fed91f583dd7a89a,Третьяк Владислав Александрович,[32],15,1,Депутат Государственной Думы,9,3,0.024793388429752,193,24,43,41,13,40,0,9
5c77c6d8fed91f583dd7a89b,Тумусов Федот Семенович,"[24, 28]",15,4,Депутат Государственной Думы,6,2,0.00258286698235,682,283,1278,24,22,28,0,6
5c77c6d8fed91f583dd7a89c,Туров Артем Викторович,"[2, 39]",6,1,Депутат Государственной Думы,14,1,0.006167400881057,1880,79,135,55,43,64,0,14
5c77c6d8fed91f583dd7a89d,Тутова Лариса Николаевна,"[2, 26]",14,1,Депутат Государственной Думы,28,2,0.007688083470621,2938,129,214,117,87,129,0,28
5c77c6d8fed91f583dd7a89e,Умаханов Умахан Магомедгаджиевич,"[8, 34]",6,1,Депутат Государственной Думы,39,2,0.01640723601178,1502,138,257,201,61,179,0,39
5c77c6d8fed91f583dd7a89f,Фаррахов Айрат Закиевич,"[1, 24, 25]",3,1,Депутат Государственной Думы,35,2,0.008371203061469,3377,147,238,136,102,146,0,35
5c77c6d8fed91f583dd7a8a0,Федоров Евгений Алексеевич,"[2, 34]",3,1,Депутат Государственной Думы,4,2,0.013333333333333,147,41,71,11,10,16,0,4
5c77c6d8fed91f583dd7a8a1,Федяев Павел Михайлович,"[6, 7, 8, 15, 16, 17, 21, 28, 33]",19,1,Депутат Государственной Думы,39,2,0.011136493432324,2514,169,325,191,92,172,0,39
5c77c6d8fed91f583dd7a8a2,Фетисов Вячеслав Александрович,"[1, 2, 31, 32, 38]",22,1,Депутат Государственной Думы,1,2,0.012345679012346,59,7,5,3,2,4,0,1
5c77c6d8fed91f583dd7a8a3,Фирюлин Иван Иванович,"[1, 2, 8]",18,1,Депутат Государственной Думы,3,1,0.006976744186047,361,21,17,8,8,12,0,3
5c77c6d8fed91f583dd7a8a4,Фокин Александр Иванович,"[33, 34]",24,1,Депутат Государственной Думы,13,2,0.011828935395814,801,55,96,54,28,52,0,13
5c77c6d8fed91f583dd7a8a5,Фролова Тамара Ивановна,"[2, 25]",15,1,Депутат Государственной Думы,34,2,0.007212558336869,3845,163,290,137,97,148,0,34
5c77c6d8fed91f583dd7a8a6,Хайров Ринат Шамильевич,"[1, 10, 24]",13,1,Депутат Государственной Думы,125,2,0.013760457948041,6168,495,839,614,253,564,26,125
5c77c6d8fed91f583dd7a8a7,Хайруллин Айрат Назипович,"[2, 8, 21]",1,1,Депутат Государственной Думы,57,2,0.01651695160823,2201,213,354,270,104,246,6,57
5c77c6d8fed91f583dd7a8a8,Харитонов Николай Михайлович,"[2, 8]",18,2,Депутат Государственной Думы,3,2,0.005988023952096,227,82,162,9,6,12,0,3
5c77c6d8fed91f583dd7a8a9,Харсиев Алихан Анатольевич,"[28, 36, 39]",7,1,Депутат Государственной Думы,10,1,0.003614022406939,2397,93,127,53,37,50,0,10
5c77c6d8fed91f583dd7a8aa,Хасанов Мурат Русланович,[32],22,1,Депутат Государственной Думы,6,2,0.012048192771084,368,25,43,17,15,24,0,6
5c77c6d8fed91f583dd7a8ab,Хинштейн Александр Евсеевич,[33],2,1,Депутат Государственной Думы,18,2,0.018828451882845,478,93,172,84,31,80,0,18
5c77c6d8fed91f583dd7a8ac,Хованская Галина Петровна,"[2, 26, 39]",8,4,Депутат Государственной Думы,11,2,0.006148686416993,702,196,711,81,22,54,12,11
5c77c6d8fed91f583dd7a8ad,Хор Глеб Яковлевич,"[7, 24]",3,1,Депутат Государственной Думы,37,3,0.028439661798617,637,92,154,150,67,164,0,37
5c77c6d8fed91f583dd7a8ae,Хохлов Алексей Алексеевич,"[2, 16]",13,1,Депутат Государственной Думы,15,1,0.004668534080299,2713,110,177,77,45,76,0,15
5c77c6d8fed91f583dd7a8af,Хуснулин Равиль Камильевич,"[26, 39]",21,1,Депутат Государственной Думы,29,2,0.007663847780127,3059,140,242,111,82,121,0,29
5c77c6d8fed91f583dd7a8b0,Цыбизова Татьяна Игоревна,"[2, 25, 26]",15,1,Депутат Государственной Думы,30,2,0.011009174311927,2087,101,188,107,87,125,0,30
5c77c6d8fed91f583dd7a8b1,Чайка Валентин Васильевич,[34],2,1,Депутат Государственной Думы,2,3,0.03030303030303,36,4,6,4,6,8,0,2
5c77c6d8fed91f583dd7a8b2,Чепа Алексей Васильевич,"[8, 10, 19, 33]",12,4,Депутат Государственной Думы,7,2,0.004691689008043,408,173,838,25,13,28,0,7
5c77c6d8fed91f583dd7a8b3,Чепиков Сергей Владимирович,"[2, 32, 35]",22,1,Депутат Государственной Думы,2,2,0.02247191011236,56,6,7,5,5,8,0,2
5c77c6d8fed91f583dd7a8b4,Черкасов Кирилл Игоревич,"[7, 19, 21]",24,3,Депутат Государственной Думы,5,2,0.004840271055179,444,90,445,21,8,20,0,5
5c77c6d8fed91f583dd7a8b5,Черкесов Леонид Ильич,"[2, 25]",21,1,Депутат Государственной Думы,9,2,0.00556586270872,1325,71,88,41,32,51,0,9
5c77c6d8fed91f583dd7a8b6,Чернышев Андрей Владимирович,"[2, 21, 28, 31, 39]",16,1,Депутат Государственной Думы,35,2,0.01044776119403,2520,148,259,145,96,144,3,35
5c77c6d8fed91f583dd7a8b7,Чернышев Михаил Анатольевич,[1],8,1,Депутат Государственной Думы,11,2,0.0086887835703,978,53,91,46,38,49,0,11
5c77c6d8fed91f583dd7a8b8,Чернышов Борис Александрович,"[36, 39]",14,3,Депутат Государственной Думы,3,3,0.004878048780488,149,62,374,8,7,12,0,3
5c77c6d8fed91f583dd7a8b9,Черняева Нина Алексеевна,"[1, 25, 39]",15,1,Депутат Государственной Думы,16,2,0.006228104320747,2113,86,153,72,51,78,0,16
5c77c6d8fed91f583dd7a8ba,Чижов Сергей Викторович,"[2, 21, 28, 33, 39]",3,1,Депутат Государственной Думы,43,2,0.011521972132905,2665,218,291,210,105,194,6,43
5c77c6d8fed91f583dd7a8bb,Чилингаров Артур Николаевич,"[26, 39]",12,1,Депутат Государственной Думы,1,2,0.014492753623188,51,5,4,2,2,4,0,1
5c77c6d8fed91f583dd7a8bc,Чиндяскин Сергей Викторович,[36],9,1,Депутат Государственной Думы,20,3,0.023980815347722,444,53,91,93,31,96,6,20
5c77c6d8fed91f583dd7a8bd,Шайхутдинов Рифат Габдулхакович,"[12, 22, 26, 36]",25,0,Депутат Государственной Думы,1,2,0.008403361344538,50,15,43,3,3,4,0,1
5c77c6d8fed91f583dd7a8be,Шаккум Мартин Люцианович,"[26, 28, 39]",23,1,Депутат Государственной Думы,52,3,0.028937117417919,842,131,210,256,87,219,0,52
5c77c6d8fed91f583dd7a8bf,Шаманов Владимир Анатольевич,"[1, 34, 39]",13,1,Депутат Государственной Думы,23,2,0.010304659498208,1629,98,216,103,66,97,0,23
5c77c6d8fed91f583dd7a8c0,Шаргунов Сергей Александрович,"[31, 33]",11,2,Депутат Государственной Думы,0,2,0,110,61,88,0,0,0,0,0
5c77c6d8fed91f583dd7a8c1,Швыткин Юрий Николаевич,"[2, 34, 35]",13,1,Депутат Государственной Думы,47,2,0.010116229014206,3523,205,352,185,136,198,0,47
5c77c6d8fed91f583dd7a8c2,Шеин Олег Васильевич,"[2, 27, 39]",20,4,Депутат Государственной Думы,8,2,0.004441976679622,746,180,760,30,32,38,7,8
5c77c6d8fed91f583dd7a8c3,Шеремет Михаил Сергеевич,"[1, 34, 35]",26,1,Депутат Государственной Думы,45,2,0.007767995857069,4615,244,379,187,130,193,0,45
5c77c6d8fed91f583dd7a8c4,Шерин Александр Николаевич,"[2, 34]",13,3,Депутат Государственной Думы,2,2,0.002262443438914,222,99,530,14,5,12,0,2
5c77c6d8fed91f583dd7a8c5,Шилков Данил Евгеньевич,[1],23,3,Депутат Государственной Думы,4,2,0.005256241787122,255,107,360,11,8,16,0,4
5c77c6d8fed91f583dd7a8c6,Шишкоедов Василий Михайлович,"[2, 8]",1,1,Депутат Государственной Думы,9,2,0.007311129163282,983,45,78,40,30,46,0,9
5c77c6d8fed91f583dd7a8c7,Шойгу Лариса Кужугетовна,"[1, 25]",10,1,Депутат Государственной Думы,6,3,0.027906976744186,109,17,27,16,16,24,0,6
5c77c6d8fed91f583dd7a8c8,Шолохов Александр Михайлович,"[2, 26, 31, 39]",11,1,Депутат Государственной Думы,8,2,0.01029601029601,536,51,67,43,28,44,0,8
5c77c6d8fed91f583dd7a8c9,Шперов Павел Валентинович,"[2, 8, 35, 39]",6,3,Депутат Государственной Думы,2,3,0.020408163265306,33,7,38,5,5,8,0,2
5c77c6d8fed91f583dd7a8ca,Шрейдер Виктор Филиппович,"[1, 30]",8,1,Депутат Государственной Думы,22,2,0.013862633900441,1016,107,202,94,54,92,0,22
5c77c6d8fed91f583dd7a8cb,Шубин Игорь Николаевич,"[1, 2, 22, 28, 30]",3,1,Депутат Государственной Думы,2,2,0.011494252873563,124,16,14,6,4,8,0,2
5c77c6d8fed91f583dd7a8cc,Шулепов Евгений Борисович,"[2, 16, 32, 38]",23,1,Депутат Государственной Думы,50,2,0.009124087591241,4198,257,402,209,139,222,3,50
5c77c6d8fed91f583dd7a8cd,Шурчанов Валентин Сергеевич,"[2, 39]",3,2,Депутат Государственной Думы,4,2,0.005215123859192,281,126,317,12,9,18,0,4
5c77c6d8fed91f583dd7a8ce,Шхагошев Адальби Люлевич,"[2, 4, 21, 35, 39]",2,1,Депутат Государственной Думы,17,2,0.014517506404782,811,55,106,73,36,73,0,17
5c77c6d8fed91f583dd7a8cf,Щаблыкин Максим Иванович,"[2, 4, 12, 26]",16,1,Депутат Государственной Думы,10,1,0.005458515283843,1556,74,85,37,26,44,0,10
5c77c6d8fed91f583dd7a8d0,Щапов Михаил Викторович,"[2, 8, 35]",3,2,Депутат Государственной Думы,3,2,0.003807106598985,282,97,375,11,8,12,0,3
5c77c6d8fed91f583dd7a8d1,Эмиргамзаев Абдулгамид Гасанович,"[4, 5, 28, 32]",19,1,Депутат Государственной Думы,14,2,0.005709624796085,2000,90,157,68,51,72,0,14
5c77c6d8fed91f583dd7a8d2,Юмашева Инга Альбертовна,[33],12,1,Депутат Государственной Думы,4,2,0.009685230024213,337,12,20,15,9,16,0,4
5c77c6d8fed91f583dd7a8d3,Юрков Дмитрий Васильевич,"[2, 21, 26, 33]",3,1,Депутат Государственной Думы,23,2,0.01123046875,1531,91,150,87,62,104,0,23
5c77c6d8fed91f583dd7a8d4,Ющенко Александр Андреевич,"[2, 33]",9,2,Депутат Государственной Думы,22,2,0.008187569780424,980,357,1083,102,34,102,7,22
5c77c6d8fed91f583dd7a8d5,Якубовский Александр Владимирович,"[2, 28]",26,1,Депутат Государственной Думы,1,1,0.002155172413793,394,19,17,11,10,12,0,1
5c77c6d8fed91f583dd7a8d6,Ямпольская Елена Александровна,"[31, 33, 39]",11,1,Депутат Государственной Думы,4,2,0.017937219730942,112,25,31,17,14,20,0,4
5c77c6d8fed91f583dd7a8d7,Яровая Ирина Анатольевна,"[2, 35]",0,1,Депутат Государственной Думы,69,2,0.018488745980707,2275,217,407,329,127,308,0,69
5c77c6d8fed91f583dd7a8d8,Ярошук Александр Георгиевич,"[2, 21, 28]",25,1,Депутат Государственной Думы,0,1,0,23,2,1,0,0,0,0,0
5c77c6d8fed91f583dd7a8d9,Яхнюк Сергей Васильевич,"[1, 2, 8]",1,1,Депутат Государственной Думы,8,2,0.006230529595016,1054,43,69,37,29,44,0,8
